TimeStamp;NodeID;NodeCount;Schema;SF;WorkerCount;Item name;CPU ns;USER ns;BLOCKED#;BLOCKED ns;WAITED#;WAITED ns;SUMM all times;Running %;Running total%;Comment
1669157020111;1;1;tpc-di;5000.0;8;ALL#SCHEDULERS;35248683000;15951618000;0;0;2938420;2474937000000;2510185683000;1.404;680.165;
1669157020111;1;1;tpc-di;5000.0;8;ALL#pdgf.util.caching.experimental.BucketSortOutputFileWriterIMPL$HouseKeeper;2722845000;492883000;0;0;207447;20564000000;23286845000;11.693;53.463;
1669157020111;1;1;tpc-di;5000.0;8;ALL#worker#0;2782080000;2649494000;5;0;13760;1901000000;4683080000;59.407;54.605;
1669157020111;1;1;tpc-di;5000.0;8;ALL#worker#1;2617493000;2489941000;35;0;13041;2056000000;4673493000;56.007;51.433;
1669157020111;1;1;tpc-di;5000.0;8;ALL#worker#2;2495457000;2368432000;5;0;11908;2156000000;4651457000;53.649;49.082;
1669157020111;1;1;tpc-di;5000.0;8;ALL#worker#3;2610063000;2488904000;4;0;12491;2120000000;4730063000;55.18;51.29;
1669157020111;1;1;tpc-di;5000.0;8;ALL#worker#4;2532538000;2416807000;3;0;12255;2203000000;4735538000;53.479;49.796;
1669157020111;1;1;tpc-di;5000.0;8;ALL#worker#5;2416418000;2299048000;2;0;11995;2225000000;4641418000;52.062;47.559;
1669157020111;1;1;tpc-di;5000.0;8;ALL#worker#6;2403119000;2286709000;19;0;11865;2244000000;4647119000;51.712;47.303;
1669157020111;1;1;tpc-di;5000.0;8;ALL#worker#7;2345769000;2242083000;3;1000000;11777;2369000000;4715769000;49.743;46.198;
1669157020111;1;1;tpc-di;5000.0;8;All#PausedThread;304457000;120579000;0;0;10438;4836000000;5140457000;5.923;6.866;
1669157020111;1;1;tpc-di;5000.0;8;pdgf.core.dataGenerator.CDCUpdateProducer#ALL;97639000;72004000;0;0;589;20000000;117639000;82.999;2.881;
1669157020111;1;1;tpc-di;5000.0;8;pdgf.core.dataGenerator.CDCUpdateProducer#BatchDate;576000;400000;0;0;1;0;576000;100.0;1.011;
1669157020111;1;1;tpc-di;5000.0;8;pdgf.core.dataGenerator.CDCUpdateProducer#Customer;142000;77000;0;0;0;0;142000;99.999;1.003;
1669157020111;1;1;tpc-di;5000.0;8;pdgf.core.dataGenerator.CDCUpdateProducer#DailyMarket;48827000;34183000;0;0;441;18000000;66827000;73.065;1.941;
1669157020111;1;1;tpc-di;5000.0;8;pdgf.core.dataGenerator.CDCUpdateProducer#WatchHistory;38912000;31553000;0;0;147;2000000;40912000;95.111;1.75;
1669157020111;1;1;tpc-di;5000.0;8;pdgf.core.dataGenerator.scheduler.DbDumpUpdateScheduler#Prospect;492000;232000;0;0;6;90000000;90492000;0.544;1.009;
1669157020111;1;1;tpc-di;5000.0;8;pdgf.core.dataGenerator.scheduler.DefaultScheduler#Date;148000;67000;0;0;0;0;148000;99.999;1.003;
1669157020111;1;1;tpc-di;5000.0;8;pdgf.core.dataGenerator.scheduler.DefaultScheduler#HR;84000;40000;0;0;0;0;84000;99.999;1.002;
1669157020111;1;1;tpc-di;5000.0;8;pdgf.core.dataGenerator.scheduler.DefaultScheduler#Industry;45000;11000;0;0;0;0;45000;99.998;1.001;
1669157020111;1;1;tpc-di;5000.0;8;pdgf.core.dataGenerator.scheduler.DefaultScheduler#StatusType;1696000;1293000;0;0;0;0;1696000;100.0;1.033;
1669157020111;1;1;tpc-di;5000.0;8;pdgf.core.dataGenerator.scheduler.DefaultScheduler#TaxRate;103000;55000;0;0;0;0;103000;99.999;1.002;
1669157020111;1;1;tpc-di;5000.0;8;pdgf.core.dataGenerator.scheduler.DefaultScheduler#Time;82000;45000;0;0;0;0;82000;99.999;1.002;
1669157020111;1;1;tpc-di;5000.0;8;pdgf.core.dataGenerator.scheduler.DefaultScheduler#TradeType;39000;13000;0;0;0;0;39000;99.997;1.001;
1669157020111;1;1;tpc-di;5000.0;8;pdgf.core.dataGenerator.scheduler.UpdateScheduler#Account;214000;74000;0;0;4;1000000;1214000;17.628;1.004;
1669157020111;1;1;tpc-di;5000.0;8;pdgf.core.dataGenerator.scheduler.UpdateScheduler#BatchDate;578000;306000;0;0;6;3000000;3578000;16.154;1.011;
1669157020111;1;1;tpc-di;5000.0;8;pdgf.core.dataGenerator.scheduler.UpdateScheduler#Customer;228000;88000;0;0;3;1000000;1228000;18.567;1.004;
1669157020111;1;1;tpc-di;5000.0;8;pdgf.core.dataGenerator.scheduler.UpdateScheduler#DailyMarket;3997553000;2114715000;0;0;273320;417378000000;421375553000;0.949;78.024;
1669157020111;1;1;tpc-di;5000.0;8;pdgf.core.dataGenerator.scheduler.UpdateScheduler#FINWIRE;548264000;287804000;0;0;23142;43603000000;44151264000;1.242;11.564;
1669157020111;1;1;tpc-di;5000.0;8;pdgf.core.dataGenerator.scheduler.UpdateScheduler#TradeSource;28928560000;12678991000;0;0;2541675;1885624000000;1914552560000;1.511;558.39;
1669157020111;1;1;tpc-di;5000.0;8;pdgf.core.dataGenerator.scheduler.UpdateScheduler#WatchHistory;1720877000;841640000;0;0;100205;128237000000;129957877000;1.324;34.158;
1669157020111;1;1;tpc-di;5000.0;8;pdgf.core.dataGenerator.worker.DbDumpRowWorker#worker#0;81716000;80967000;0;0;19;21000000;102716000;79.555;2.574;
1669157020111;1;1;tpc-di;5000.0;8;pdgf.core.dataGenerator.worker.DbDumpRowWorker#worker#1;89744000;88874000;0;0;18;12000000;101744000;88.206;2.729;
1669157020111;1;1;tpc-di;5000.0;8;pdgf.core.dataGenerator.worker.DbDumpRowWorker#worker#2;85734000;84926000;1;0;19;13000000;98734000;86.833;2.652;
1669157020111;1;1;tpc-di;5000.0;8;pdgf.core.dataGenerator.worker.DbDumpRowWorker#worker#3;82940000;82262000;1;0;20;9000000;91940000;90.211;2.598;
1669157020111;1;1;tpc-di;5000.0;8;pdgf.core.dataGenerator.worker.DbDumpRowWorker#worker#4;84989000;84167000;1;0;23;11000000;95989000;88.54;2.638;
1669157020111;1;1;tpc-di;5000.0;8;pdgf.core.dataGenerator.worker.DbDumpRowWorker#worker#5;88901000;88171000;0;0;22;12000000;100901000;88.107;2.713;
1669157020111;1;1;tpc-di;5000.0;8;pdgf.core.dataGenerator.worker.DbDumpRowWorker#worker#6;93033000;92237000;0;0;18;11000000;104033000;89.426;2.793;
1669157020111;1;1;tpc-di;5000.0;8;pdgf.core.dataGenerator.worker.DbDumpRowWorker#worker#7;76864000;76135000;0;0;20;17000000;93864000;81.889;2.481;
1669157020111;1;1;tpc-di;5000.0;8;pdgf.core.dataGenerator.worker.RowWorker#worker#0;301273000;296383000;0;0;35;28000000;329273000;91.496;6.805;
1669157020111;1;1;tpc-di;5000.0;8;pdgf.core.dataGenerator.worker.RowWorker#worker#1;291321000;286666000;1;0;35;35000000;326321000;89.274;6.613;
1669157020111;1;1;tpc-di;5000.0;8;pdgf.core.dataGenerator.worker.RowWorker#worker#2;301787000;296728000;3;0;32;32000000;333787000;90.413;6.815;
1669157020111;1;1;tpc-di;5000.0;8;pdgf.core.dataGenerator.worker.RowWorker#worker#3;290692000;285663000;2;0;32;24000000;314692000;92.373;6.601;
1669157020111;1;1;tpc-di;5000.0;8;pdgf.core.dataGenerator.worker.RowWorker#worker#4;285888000;281061000;1;0;35;32000000;317888000;89.934;6.508;
1669157020111;1;1;tpc-di;5000.0;8;pdgf.core.dataGenerator.worker.RowWorker#worker#5;278421000;273825000;0;0;34;48000000;326421000;85.295;6.365;
1669157020111;1;1;tpc-di;5000.0;8;pdgf.core.dataGenerator.worker.RowWorker#worker#6;301173000;296305000;1;0;32;29000000;330173000;91.217;6.803;
1669157020111;1;1;tpc-di;5000.0;8;pdgf.core.dataGenerator.worker.RowWorker#worker#7;276000000;271751000;2;0;35;40000000;316000000;87.342;6.318;
1669157020111;1;1;tpc-di;5000.0;8;pdgf.core.dataGenerator.worker.UpdateRowWorker#worker#0;2298304000;2179335000;5;0;12623;1607000000;3905304000;58.851;45.283;
1669157020111;1;1;tpc-di;5000.0;8;pdgf.core.dataGenerator.worker.UpdateRowWorker#worker#1;2209895000;2095147000;34;0;11779;1675000000;3884895000;56.884;43.58;
1669157020111;1;1;tpc-di;5000.0;8;pdgf.core.dataGenerator.worker.UpdateRowWorker#worker#2;2088112000;1973775000;1;0;10641;1771000000;3859112000;54.109;41.233;
1669157020111;1;1;tpc-di;5000.0;8;pdgf.core.dataGenerator.worker.UpdateRowWorker#worker#3;2218997000;2110035000;1;0;11222;1744000000;3962997000;55.993;43.755;
1669157020111;1;1;tpc-di;5000.0;8;pdgf.core.dataGenerator.worker.UpdateRowWorker#worker#4;2141254000;2037337000;1;0;11003;1820000000;3961254000;54.055;42.257;
1669157020111;1;1;tpc-di;5000.0;8;pdgf.core.dataGenerator.worker.UpdateRowWorker#worker#5;2034590000;1928333000;2;0;10725;1819000000;3853590000;52.797;40.202;
1669157020111;1;1;tpc-di;5000.0;8;pdgf.core.dataGenerator.worker.UpdateRowWorker#worker#6;1990125000;1885048000;0;0;10618;1863000000;3853125000;51.65;39.345;
1669157020111;1;1;tpc-di;5000.0;8;pdgf.core.dataGenerator.worker.UpdateRowWorker#worker#7;1977002000;1883400000;1;1000000;10563;1969000000;3947002000;50.089;39.093;
1669157020111;1;1;tpc-di;5000.0;8;tpc.di.CustomerAccountBlackBox$CustomerAccountUpdateProducer#ALL;316000;197000;0;0;6;0;316000;100.0;1.006;
1669157020111;1;1;tpc-di;5000.0;8;tpc.di.CustomerAccountBlackBox$CustomerAccountUpdateProducer#Account;305000;189000;0;0;6;0;305000;100.0;1.006;
1669157020111;1;1;tpc-di;5000.0;8;tpc.di.MergeUpdateBlackBox$MergeUpdateProducer#FINWIRE;21764000;13088000;0;0;148;14000000;35764000;60.854;1.419;
1669157020111;1;1;tpc-di;5000.0;8;tpc.di.TradeSourceUpdateBlackBox$TradeSourceUpdateProducer#ALL;91793000;61695000;0;0;1286;4000000;95793000;95.824;2.769;
1669157020111;1;1;tpc-di;5000.0;8;tpc.di.TradeSourceUpdateBlackBox$TradeSourceUpdateProducer#TradeSource;84276000;57814000;0;0;1286;4000000;88276000;95.469;2.624;
1669157020111;1;1;tpc-di;5000.0;8;tpc.di.scheduler.CustomerMgmtScheduler#CustomerMgmt;29944000;15218000;0;0;59;0;29944000;100.0;1.577;
1669157020111;1;1;tpc-di;5000.0;8;tpc.di.scheduler.CustomerMgmtUpdateRowWorker#worker#0;100418000;92499000;0;0;1083;245000000;345418000;29.071;2.935;
1669157020111;1;1;tpc-di;5000.0;8;tpc.di.scheduler.CustomerMgmtUpdateRowWorker#worker#1;26351000;19115000;0;0;1209;334000000;360351000;7.313;1.508;
1669157020111;1;1;tpc-di;5000.0;8;tpc.di.scheduler.CustomerMgmtUpdateRowWorker#worker#2;19302000;12595000;0;0;1216;340000000;359302000;5.372;1.372;
1669157020111;1;1;tpc-di;5000.0;8;tpc.di.scheduler.CustomerMgmtUpdateRowWorker#worker#3;17174000;10820000;0;0;1217;343000000;360174000;4.768;1.331;
1669157020111;1;1;tpc-di;5000.0;8;tpc.di.scheduler.CustomerMgmtUpdateRowWorker#worker#4;20180000;14105000;0;0;1194;340000000;360180000;5.603;1.389;
1669157020111;1;1;tpc-di;5000.0;8;tpc.di.scheduler.CustomerMgmtUpdateRowWorker#worker#5;14267000;8591000;0;0;1214;346000000;360267000;3.96;1.275;
1669157020111;1;1;tpc-di;5000.0;8;tpc.di.scheduler.CustomerMgmtUpdateRowWorker#worker#6;18531000;12984000;18;0;1197;341000000;359531000;5.154;1.357;
1669157020111;1;1;tpc-di;5000.0;8;tpc.di.scheduler.CustomerMgmtUpdateRowWorker#worker#7;15697000;10694000;0;0;1159;343000000;358697000;4.376;1.302;
1669157230555;1;1;tpc-di;3000.0;8;ALL#SCHEDULERS;38765651000;17636309000;0;0;3122656;2105562000000;2144327651000;1.808;879.243;
1669157230555;1;1;tpc-di;3000.0;8;ALL#pdgf.util.caching.experimental.BucketSortOutputFileWriterIMPL$HouseKeeper;2406305000;448103000;0;0;175898;17587000000;19993305000;12.036;55.515;
1669157230555;1;1;tpc-di;3000.0;8;ALL#worker#0;1866713000;1760203000;0;0;14030;1976000000;3842713000;48.578;43.291;
1669157230555;1;1;tpc-di;3000.0;8;ALL#worker#1;1866497000;1754127000;1;0;13064;2006000000;3872497000;48.199;43.286;
1669157230555;1;1;tpc-di;3000.0;8;ALL#worker#2;1786991000;1675522000;3;11000000;12169;2055000000;3852991000;46.379;41.485;
1669157230555;1;1;tpc-di;3000.0;8;ALL#worker#3;1756503000;1655505000;1;0;12410;2144000000;3900503000;45.033;40.794;
1669157230555;1;1;tpc-di;3000.0;8;ALL#worker#4;1726880000;1627298000;2;0;12404;2179000000;3905880000;44.212;40.123;
1669157230555;1;1;tpc-di;3000.0;8;ALL#worker#5;1719010000;1627147000;2;0;12423;2245000000;3964010000;43.365;39.944;
1669157230555;1;1;tpc-di;3000.0;8;ALL#worker#6;1619170000;1528489000;49;0;12222;2323000000;3942170000;41.073;37.683;
1669157230555;1;1;tpc-di;3000.0;8;ALL#worker#7;1589921000;1499199000;17;0;11837;2340000000;3929921000;40.457;37.02;
1669157230555;1;1;tpc-di;3000.0;8;All#PausedThread;288288000;115213000;0;0;9701;4052000000;4340288000;6.642;7.531;
1669157230555;1;1;tpc-di;3000.0;8;pdgf.core.dataGenerator.CDCUpdateProducer#ALL;73101000;48759000;0;0;845;2000000;75101000;97.337;2.656;
1669157230555;1;1;tpc-di;3000.0;8;pdgf.core.dataGenerator.CDCUpdateProducer#BatchDate;566000;413000;0;0;5;0;566000;100.0;1.013;
1669157230555;1;1;tpc-di;3000.0;8;pdgf.core.dataGenerator.CDCUpdateProducer#Customer;207000;87000;0;0;1;0;207000;100.0;1.005;
1669157230555;1;1;tpc-di;3000.0;8;pdgf.core.dataGenerator.CDCUpdateProducer#DailyMarket;34770000;20589000;0;0;585;2000000;36770000;94.561;1.788;
1669157230555;1;1;tpc-di;3000.0;8;pdgf.core.dataGenerator.CDCUpdateProducer#WatchHistory;29537000;22783000;0;0;254;0;29537000;100.0;1.669;
1669157230555;1;1;tpc-di;3000.0;8;pdgf.core.dataGenerator.scheduler.DbDumpUpdateScheduler#Prospect;640000;235000;0;0;6;135000000;135640000;0.472;1.014;
1669157230555;1;1;tpc-di;3000.0;8;pdgf.core.dataGenerator.scheduler.DefaultScheduler#Date;111000;53000;0;0;0;0;111000;99.999;1.003;
1669157230555;1;1;tpc-di;3000.0;8;pdgf.core.dataGenerator.scheduler.DefaultScheduler#HR;70000;35000;0;0;0;0;70000;99.999;1.002;
1669157230555;1;1;tpc-di;3000.0;8;pdgf.core.dataGenerator.scheduler.DefaultScheduler#Industry;41000;14000;0;0;0;0;41000;99.998;1.001;
1669157230555;1;1;tpc-di;3000.0;8;pdgf.core.dataGenerator.scheduler.DefaultScheduler#StatusType;1348000;1161000;0;0;0;0;1348000;100.0;1.031;
1669157230555;1;1;tpc-di;3000.0;8;pdgf.core.dataGenerator.scheduler.DefaultScheduler#TaxRate;109000;43000;0;0;0;0;109000;99.999;1.002;
1669157230555;1;1;tpc-di;3000.0;8;pdgf.core.dataGenerator.scheduler.DefaultScheduler#Time;120000;67000;0;0;0;0;120000;99.999;1.003;
1669157230555;1;1;tpc-di;3000.0;8;pdgf.core.dataGenerator.scheduler.DefaultScheduler#TradeType;64000;17000;0;0;0;0;64000;99.998;1.001;
1669157230555;1;1;tpc-di;3000.0;8;pdgf.core.dataGenerator.scheduler.UpdateScheduler#Account;350000;151000;0;0;3;1000000;1350000;25.926;1.008;
1669157230555;1;1;tpc-di;3000.0;8;pdgf.core.dataGenerator.scheduler.UpdateScheduler#BatchDate;777000;253000;0;0;6;1000000;1777000;43.725;1.018;
1669157230555;1;1;tpc-di;3000.0;8;pdgf.core.dataGenerator.scheduler.UpdateScheduler#Customer;251000;108000;0;0;3;1000000;1251000;20.064;1.006;
1669157230555;1;1;tpc-di;3000.0;8;pdgf.core.dataGenerator.scheduler.UpdateScheduler#DailyMarket;3926452000;2091136000;0;0;277049;295062000000;298988452000;1.313;89.955;
1669157230555;1;1;tpc-di;3000.0;8;pdgf.core.dataGenerator.scheduler.UpdateScheduler#FINWIRE;366947000;215979000;0;0;21828;35957000000;36323947000;1.01;9.313;
1669157230555;1;1;tpc-di;3000.0;8;pdgf.core.dataGenerator.scheduler.UpdateScheduler#TradeSource;32933275000;14568904000;0;0;2724542;1679294000000;1712227275000;1.923;747.11;
1669157230555;1;1;tpc-di;3000.0;8;pdgf.core.dataGenerator.scheduler.UpdateScheduler#WatchHistory;1484339000;732976000;0;0;99131;95111000000;96595339000;1.537;34.628;
1669157230555;1;1;tpc-di;3000.0;8;pdgf.core.dataGenerator.worker.DbDumpRowWorker#worker#0;85332000;84749000;0;0;14;56000000;141332000;60.377;2.933;
1669157230555;1;1;tpc-di;3000.0;8;pdgf.core.dataGenerator.worker.DbDumpRowWorker#worker#1;91687000;91082000;0;0;12;42000000;133687000;68.583;3.077;
1669157230555;1;1;tpc-di;3000.0;8;pdgf.core.dataGenerator.worker.DbDumpRowWorker#worker#2;95829000;95011000;1;0;15;51000000;146829000;65.266;3.171;
1669157230555;1;1;tpc-di;3000.0;8;pdgf.core.dataGenerator.worker.DbDumpRowWorker#worker#3;80167000;79608000;0;0;12;71000000;151167000;53.032;2.816;
1669157230555;1;1;tpc-di;3000.0;8;pdgf.core.dataGenerator.worker.DbDumpRowWorker#worker#4;83401000;82785000;1;0;13;55000000;138401000;60.26;2.889;
1669157230555;1;1;tpc-di;3000.0;8;pdgf.core.dataGenerator.worker.DbDumpRowWorker#worker#5;109182000;108522000;0;0;15;50000000;159182000;68.589;3.474;
1669157230555;1;1;tpc-di;3000.0;8;pdgf.core.dataGenerator.worker.DbDumpRowWorker#worker#6;94192000;93521000;0;0;11;49000000;143192000;65.78;3.134;
1669157230555;1;1;tpc-di;3000.0;8;pdgf.core.dataGenerator.worker.DbDumpRowWorker#worker#7;97376000;96833000;0;0;15;51000000;148376000;65.628;3.206;
1669157230555;1;1;tpc-di;3000.0;8;pdgf.core.dataGenerator.worker.RowWorker#worker#0;241746000;237035000;0;0;38;128000000;369746000;65.382;6.477;
1669157230555;1;1;tpc-di;3000.0;8;pdgf.core.dataGenerator.worker.RowWorker#worker#1;369389000;363606000;0;0;36;24000000;393389000;93.899;9.369;
1669157230555;1;1;tpc-di;3000.0;8;pdgf.core.dataGenerator.worker.RowWorker#worker#2;358282000;353202000;0;0;36;26000000;384282000;93.234;9.117;
1669157230555;1;1;tpc-di;3000.0;8;pdgf.core.dataGenerator.worker.RowWorker#worker#3;358780000;353483000;0;0;35;17000000;375780000;95.476;9.128;
1669157230555;1;1;tpc-di;3000.0;8;pdgf.core.dataGenerator.worker.RowWorker#worker#4;332429000;327720000;1;0;36;28000000;360429000;92.231;8.531;
1669157230555;1;1;tpc-di;3000.0;8;pdgf.core.dataGenerator.worker.RowWorker#worker#5;343948000;338805000;0;0;36;34000000;377948000;91.004;8.792;
1669157230555;1;1;tpc-di;3000.0;8;pdgf.core.dataGenerator.worker.RowWorker#worker#6;337129000;331589000;0;0;37;28000000;365129000;92.331;8.638;
1669157230555;1;1;tpc-di;3000.0;8;pdgf.core.dataGenerator.worker.RowWorker#worker#7;353260000;348053000;1;0;40;49000000;402260000;87.819;9.003;
1669157230555;1;1;tpc-di;3000.0;8;pdgf.core.dataGenerator.worker.UpdateRowWorker#worker#0;1471986000;1377550000;0;0;12889;1652000000;3123986000;47.119;34.348;
1669157230555;1;1;tpc-di;3000.0;8;pdgf.core.dataGenerator.worker.UpdateRowWorker#worker#1;1383860000;1283902000;0;0;11836;1693000000;3076860000;44.976;32.352;
1669157230555;1;1;tpc-di;3000.0;8;pdgf.core.dataGenerator.worker.UpdateRowWorker#worker#2;1312595000;1212789000;1;11000000;10933;1734000000;3057595000;42.929;30.737;
1669157230555;1;1;tpc-di;3000.0;8;pdgf.core.dataGenerator.worker.UpdateRowWorker#worker#3;1295292000;1206022000;0;0;11211;1808000000;3103292000;41.739;30.345;
1669157230555;1;1;tpc-di;3000.0;8;pdgf.core.dataGenerator.worker.UpdateRowWorker#worker#4;1297878000;1209038000;0;0;11128;1838000000;3135878000;41.388;30.404;
1669157230555;1;1;tpc-di;3000.0;8;pdgf.core.dataGenerator.worker.UpdateRowWorker#worker#5;1254735000;1173953000;1;0;11137;1900000000;3154735000;39.773;29.426;
1669157230555;1;1;tpc-di;3000.0;8;pdgf.core.dataGenerator.worker.UpdateRowWorker#worker#6;1175754000;1096469000;49;0;10939;1987000000;3162754000;37.175;27.637;
1669157230555;1;1;tpc-di;3000.0;8;pdgf.core.dataGenerator.worker.UpdateRowWorker#worker#7;1126966000;1046697000;15;0;10578;1981000000;3107966000;36.261;26.532;
1669157230555;1;1;tpc-di;3000.0;8;tpc.di.CustomerAccountBlackBox$CustomerAccountUpdateProducer#ALL;354000;206000;0;0;3;0;354000;100.0;1.008;
1669157230555;1;1;tpc-di;3000.0;8;tpc.di.CustomerAccountBlackBox$CustomerAccountUpdateProducer#Account;340000;194000;0;0;3;0;340000;100.0;1.008;
1669157230555;1;1;tpc-di;3000.0;8;tpc.di.MergeUpdateBlackBox$MergeUpdateProducer#FINWIRE;17297000;10477000;0;0;148;3000000;20297000;85.219;1.392;
1669157230555;1;1;tpc-di;3000.0;8;tpc.di.TradeSourceUpdateBlackBox$TradeSourceUpdateProducer#ALL;87576000;54508000;0;0;1274;9000000;96576000;90.681;2.984;
1669157230555;1;1;tpc-di;3000.0;8;tpc.di.TradeSourceUpdateBlackBox$TradeSourceUpdateProducer#TradeSource;79629000;50305000;0;0;1274;9000000;88629000;89.845;2.804;
1669157230555;1;1;tpc-di;3000.0;8;tpc.di.scheduler.CustomerMgmtScheduler#CustomerMgmt;30578000;14248000;0;0;88;0;30578000;100.0;1.693;
1669157230555;1;1;tpc-di;3000.0;8;tpc.di.scheduler.CustomerMgmtUpdateRowWorker#worker#0;67126000;60391000;0;0;1089;140000000;207126000;32.408;2.521;
1669157230555;1;1;tpc-di;3000.0;8;tpc.di.scheduler.CustomerMgmtUpdateRowWorker#worker#1;21406000;15410000;1;0;1180;247000000;268406000;7.975;1.485;
1669157230555;1;1;tpc-di;3000.0;8;tpc.di.scheduler.CustomerMgmtUpdateRowWorker#worker#2;20095000;14393000;1;0;1185;244000000;264095000;7.609;1.455;
1669157230555;1;1;tpc-di;3000.0;8;tpc.di.scheduler.CustomerMgmtUpdateRowWorker#worker#3;22137000;16291000;1;0;1152;248000000;270137000;8.195;1.502;
1669157230555;1;1;tpc-di;3000.0;8;tpc.di.scheduler.CustomerMgmtUpdateRowWorker#worker#4;12970000;7595000;0;0;1227;258000000;270970000;4.787;1.294;
1669157230555;1;1;tpc-di;3000.0;8;tpc.di.scheduler.CustomerMgmtUpdateRowWorker#worker#5;10989000;5752000;0;0;1235;261000000;271989000;4.04;1.249;
1669157230555;1;1;tpc-di;3000.0;8;tpc.di.scheduler.CustomerMgmtUpdateRowWorker#worker#6;11920000;6778000;0;0;1235;259000000;270920000;4.4;1.27;
1669157230555;1;1;tpc-di;3000.0;8;tpc.di.scheduler.CustomerMgmtUpdateRowWorker#worker#7;12187000;7505000;1;0;1204;259000000;271187000;4.494;1.276;
1669157356256;1;1;tpc-di;6000.0;8;ALL#SCHEDULERS;36595208000;16361605000;0;0;2874922;2748903000000;2785498208000;1.314;610.615;
1669157356256;1;1;tpc-di;6000.0;8;ALL#pdgf.util.caching.experimental.BucketSortOutputFileWriterIMPL$HouseKeeper;2751714000;491440000;0;0;196377;23319000000;26070714000;10.555;46.839;
1669157356256;1;1;tpc-di;6000.0;8;ALL#worker#0;3350966000;3231796000;3;0;13923;2077000000;5427966000;61.735;56.822;
1669157356256;1;1;tpc-di;6000.0;8;ALL#worker#1;3330732000;3205211000;7;0;12997;2039000000;5369732000;62.028;56.484;
1669157356256;1;1;tpc-di;6000.0;8;ALL#worker#2;3266198000;3133341000;3;13000000;12267;2143000000;5422198000;60.238;55.409;
1669157356256;1;1;tpc-di;6000.0;8;ALL#worker#3;3202103000;3076824000;1;0;12233;2221000000;5423103000;59.046;54.342;
1669157356256;1;1;tpc-di;6000.0;8;ALL#worker#4;3229677000;3112437000;2;0;12339;2251000000;5480677000;58.928;54.801;
1669157356256;1;1;tpc-di;6000.0;8;ALL#worker#5;3175698000;3060448000;1;0;12195;2282000000;5457698000;58.187;53.902;
1669157356256;1;1;tpc-di;6000.0;8;ALL#worker#6;3115410000;3000058000;4;0;11867;2290000000;5405410000;57.635;52.898;
1669157356256;1;1;tpc-di;6000.0;8;ALL#worker#7;3075767000;2962281000;2;0;11449;2331000000;5406767000;56.887;52.237;
1669157356256;1;1;tpc-di;6000.0;8;All#PausedThread;299967000;115861000;0;0;10125;5652000000;5951967000;5.04;5.997;
1669157356256;1;1;tpc-di;6000.0;8;pdgf.core.dataGenerator.CDCUpdateProducer#ALL;110654000;85061000;0;0;614;34000000;144654000;76.496;2.843;
1669157356256;1;1;tpc-di;6000.0;8;pdgf.core.dataGenerator.CDCUpdateProducer#BatchDate;793000;597000;0;0;3;0;793000;100.0;1.013;
1669157356256;1;1;tpc-di;6000.0;8;pdgf.core.dataGenerator.CDCUpdateProducer#Customer;151000;90000;0;0;3;0;151000;99.999;1.003;
1669157356256;1;1;tpc-di;6000.0;8;pdgf.core.dataGenerator.CDCUpdateProducer#DailyMarket;55650000;40784000;0;0;434;29000000;84650000;65.741;1.927;
1669157356256;1;1;tpc-di;6000.0;8;pdgf.core.dataGenerator.CDCUpdateProducer#WatchHistory;43413000;36434000;0;0;174;5000000;48413000;89.672;1.723;
1669157356256;1;1;tpc-di;6000.0;8;pdgf.core.dataGenerator.scheduler.DbDumpUpdateScheduler#Prospect;434000;207000;0;0;6;109000000;109434000;0.397;1.007;
1669157356256;1;1;tpc-di;6000.0;8;pdgf.core.dataGenerator.scheduler.DefaultScheduler#Date;141000;66000;0;0;0;0;141000;99.999;1.002;
1669157356256;1;1;tpc-di;6000.0;8;pdgf.core.dataGenerator.scheduler.DefaultScheduler#HR;82000;40000;0;0;0;0;82000;99.999;1.001;
1669157356256;1;1;tpc-di;6000.0;8;pdgf.core.dataGenerator.scheduler.DefaultScheduler#Industry;36000;10000;0;0;0;0;36000;99.997;1.001;
1669157356256;1;1;tpc-di;6000.0;8;pdgf.core.dataGenerator.scheduler.DefaultScheduler#StatusType;1077000;1062000;0;0;0;0;1077000;100.0;1.018;
1669157356256;1;1;tpc-di;6000.0;8;pdgf.core.dataGenerator.scheduler.DefaultScheduler#TaxRate;93000;49000;0;0;0;0;93000;99.999;1.002;
1669157356256;1;1;tpc-di;6000.0;8;pdgf.core.dataGenerator.scheduler.DefaultScheduler#Time;131000;77000;0;0;0;0;131000;99.999;1.002;
1669157356256;1;1;tpc-di;6000.0;8;pdgf.core.dataGenerator.scheduler.DefaultScheduler#TradeType;39000;12000;0;0;0;0;39000;99.997;1.001;
1669157356256;1;1;tpc-di;6000.0;8;pdgf.core.dataGenerator.scheduler.UpdateScheduler#Account;207000;70000;0;0;3;0;207000;100.0;1.003;
1669157356256;1;1;tpc-di;6000.0;8;pdgf.core.dataGenerator.scheduler.UpdateScheduler#BatchDate;510000;255000;0;0;6;2000000;2510000;20.319;1.008;
1669157356256;1;1;tpc-di;6000.0;8;pdgf.core.dataGenerator.scheduler.UpdateScheduler#Customer;250000;85000;0;0;3;0;250000;100.0;1.004;
1669157356256;1;1;tpc-di;6000.0;8;pdgf.core.dataGenerator.scheduler.UpdateScheduler#DailyMarket;4092434000;2233600000;0;0;272169;558494000000;562586434000;0.727;69.173;
1669157356256;1;1;tpc-di;6000.0;8;pdgf.core.dataGenerator.scheduler.UpdateScheduler#FINWIRE;558912000;301815000;0;0;22096;46963000000;47521912000;1.176;10.311;
1669157356256;1;1;tpc-di;6000.0;8;pdgf.core.dataGenerator.scheduler.UpdateScheduler#TradeSource;30259970000;13003164000;0;0;2475859;1999831000000;2030090970000;1.491;505.081;
1669157356256;1;1;tpc-di;6000.0;8;pdgf.core.dataGenerator.scheduler.UpdateScheduler#WatchHistory;1632719000;794668000;0;0;104713;143504000000;145136719000;1.125;28.198;
1669157356256;1;1;tpc-di;6000.0;8;pdgf.core.dataGenerator.worker.DbDumpRowWorker#worker#0;82739000;81830000;0;0;28;31000000;113739000;72.745;2.378;
1669157356256;1;1;tpc-di;6000.0;8;pdgf.core.dataGenerator.worker.DbDumpRowWorker#worker#1;86057000;85321000;0;0;28;25000000;111057000;77.489;2.434;
1669157356256;1;1;tpc-di;6000.0;8;pdgf.core.dataGenerator.worker.DbDumpRowWorker#worker#2;83847000;83122000;0;0;25;17000000;100847000;83.143;2.397;
1669157356256;1;1;tpc-di;6000.0;8;pdgf.core.dataGenerator.worker.DbDumpRowWorker#worker#3;73423000;72736000;0;0;26;36000000;109423000;67.1;2.223;
1669157356256;1;1;tpc-di;6000.0;8;pdgf.core.dataGenerator.worker.DbDumpRowWorker#worker#4;78155000;77552000;0;0;27;41000000;119155000;65.591;2.302;
1669157356256;1;1;tpc-di;6000.0;8;pdgf.core.dataGenerator.worker.DbDumpRowWorker#worker#5;88739000;87994000;0;0;30;32000000;120739000;73.497;2.478;
1669157356256;1;1;tpc-di;6000.0;8;pdgf.core.dataGenerator.worker.DbDumpRowWorker#worker#6;77315000;76511000;0;0;30;39000000;116315000;66.47;2.288;
1669157356256;1;1;tpc-di;6000.0;8;pdgf.core.dataGenerator.worker.DbDumpRowWorker#worker#7;75571000;74750000;0;0;29;37000000;112571000;67.132;2.259;
1669157356256;1;1;tpc-di;6000.0;8;pdgf.core.dataGenerator.worker.RowWorker#worker#0;323608000;319243000;1;0;42;44000000;367608000;88.031;6.391;
1669157356256;1;1;tpc-di;6000.0;8;pdgf.core.dataGenerator.worker.RowWorker#worker#1;345265000;339967000;0;0;39;36000000;381265000;90.558;6.752;
1669157356256;1;1;tpc-di;6000.0;8;pdgf.core.dataGenerator.worker.RowWorker#worker#2;335461000;330251000;1;8000000;36;42000000;385461000;87.029;6.588;
1669157356256;1;1;tpc-di;6000.0;8;pdgf.core.dataGenerator.worker.RowWorker#worker#3;324579000;318970000;1;0;34;54000000;378579000;85.736;6.407;
1669157356256;1;1;tpc-di;6000.0;8;pdgf.core.dataGenerator.worker.RowWorker#worker#4;335058000;330090000;2;0;37;36000000;371058000;90.298;6.582;
1669157356256;1;1;tpc-di;6000.0;8;pdgf.core.dataGenerator.worker.RowWorker#worker#5;312786000;308406000;0;0;41;58000000;370786000;84.358;6.21;
1669157356256;1;1;tpc-di;6000.0;8;pdgf.core.dataGenerator.worker.RowWorker#worker#6;334870000;330005000;3;0;36;43000000;377870000;88.62;6.578;
1669157356256;1;1;tpc-di;6000.0;8;pdgf.core.dataGenerator.worker.RowWorker#worker#7;346877000;341432000;2;0;43;35000000;381877000;90.835;6.778;
1669157356256;1;1;tpc-di;6000.0;8;pdgf.core.dataGenerator.worker.UpdateRowWorker#worker#0;2876188000;2769610000;2;0;12709;1733000000;4609188000;62.401;48.913;
1669157356256;1;1;tpc-di;6000.0;8;pdgf.core.dataGenerator.worker.UpdateRowWorker#worker#1;2863352000;2751328000;7;0;11726;1697000000;4560352000;62.788;48.699;
1669157356256;1;1;tpc-di;6000.0;8;pdgf.core.dataGenerator.worker.UpdateRowWorker#worker#2;2821794000;2702030000;1;5000000;11014;1771000000;4597794000;61.373;48.006;
1669157356256;1;1;tpc-di;6000.0;8;pdgf.core.dataGenerator.worker.UpdateRowWorker#worker#3;2778267000;2665860000;0;0;10998;1819000000;4597267000;60.433;47.281;
1669157356256;1;1;tpc-di;6000.0;8;pdgf.core.dataGenerator.worker.UpdateRowWorker#worker#4;2793756000;2688407000;0;0;11034;1859000000;4652756000;60.045;47.539;
1669157356256;1;1;tpc-di;6000.0;8;pdgf.core.dataGenerator.worker.UpdateRowWorker#worker#5;2758070000;2653785000;0;0;10906;1870000000;4628070000;59.594;46.945;
1669157356256;1;1;tpc-di;6000.0;8;pdgf.core.dataGenerator.worker.UpdateRowWorker#worker#6;2671088000;2566997000;0;0;10612;1964000000;4635088000;57.628;45.496;
1669157356256;1;1;tpc-di;6000.0;8;pdgf.core.dataGenerator.worker.UpdateRowWorker#worker#7;2634846000;2533053000;0;0;10217;1941000000;4575846000;57.582;44.892;
1669157356256;1;1;tpc-di;6000.0;8;tpc.di.CustomerAccountBlackBox$CustomerAccountUpdateProducer#ALL;378000;226000;0;0;8;0;378000;100.0;1.006;
1669157356256;1;1;tpc-di;6000.0;8;tpc.di.CustomerAccountBlackBox$CustomerAccountUpdateProducer#Account;365000;218000;0;0;8;0;365000;100.0;1.006;
1669157356256;1;1;tpc-di;6000.0;8;tpc.di.MergeUpdateBlackBox$MergeUpdateProducer#FINWIRE;20823000;12679000;0;0;124;28000000;48823000;42.65;1.347;
1669157356256;1;1;tpc-di;6000.0;8;tpc.di.TradeSourceUpdateBlackBox$TradeSourceUpdateProducer#ALL;88938000;57540000;0;0;1346;5000000;93938000;94.677;2.482;
1669157356256;1;1;tpc-di;6000.0;8;tpc.di.TradeSourceUpdateBlackBox$TradeSourceUpdateProducer#TradeSource;80738000;53322000;0;0;1346;5000000;85738000;94.168;2.345;
1669157356256;1;1;tpc-di;6000.0;8;tpc.di.scheduler.CustomerMgmtScheduler#CustomerMgmt;27982000;15227000;0;0;67;0;27982000;100.0;1.466;
1669157356256;1;1;tpc-di;6000.0;8;tpc.di.scheduler.CustomerMgmtUpdateRowWorker#worker#0;67839000;60603000;0;0;1144;269000000;336839000;20.14;2.13;
1669157356256;1;1;tpc-di;6000.0;8;tpc.di.scheduler.CustomerMgmtUpdateRowWorker#worker#1;35879000;28469000;0;0;1204;281000000;316879000;11.323;1.598;
1669157356256;1;1;tpc-di;6000.0;8;tpc.di.scheduler.CustomerMgmtUpdateRowWorker#worker#2;24974000;17846000;1;0;1192;313000000;337974000;7.389;1.416;
1669157356256;1;1;tpc-di;6000.0;8;tpc.di.scheduler.CustomerMgmtUpdateRowWorker#worker#3;25618000;19111000;0;0;1175;312000000;337618000;7.588;1.427;
1669157356256;1;1;tpc-di;6000.0;8;tpc.di.scheduler.CustomerMgmtUpdateRowWorker#worker#4;22610000;16312000;0;0;1241;315000000;337610000;6.697;1.377;
1669157356256;1;1;tpc-di;6000.0;8;tpc.di.scheduler.CustomerMgmtUpdateRowWorker#worker#5;15924000;10155000;1;0;1218;322000000;337924000;4.712;1.265;
1669157356256;1;1;tpc-di;6000.0;8;tpc.di.scheduler.CustomerMgmtUpdateRowWorker#worker#6;31909000;26366000;1;0;1189;244000000;275909000;11.565;1.532;
1669157356256;1;1;tpc-di;6000.0;8;tpc.di.scheduler.CustomerMgmtUpdateRowWorker#worker#7;18321000;12946000;0;0;1160;318000000;336321000;5.447;1.305;
1669157376402;1;1;tpc-di;12000.0;8;ALL#SCHEDULERS;37007222000;16632162000;0;0;2827879;4396650000000;4433657222000;0.835;384.733;
1669157376402;1;1;tpc-di;12000.0;8;ALL#pdgf.util.caching.experimental.BucketSortOutputFileWriterIMPL$HouseKeeper;3337402000;598407000;0;0;194793;36383000000;39720402000;8.402;35.606;
1669157376402;1;1;tpc-di;12000.0;8;ALL#worker#0;6560466000;6404544000;2;0;13948;2052000000;8612466000;76.174;69.026;
1669157376402;1;1;tpc-di;12000.0;8;ALL#worker#1;6386239000;6231819000;11;0;13710;2275000000;8661239000;73.734;67.22;
1669157376402;1;1;tpc-di;12000.0;8;ALL#worker#2;6387683000;6225498000;3;0;12602;2357000000;8744683000;73.046;67.235;
1669157376402;1;1;tpc-di;12000.0;8;ALL#worker#3;6425598000;6272523000;3;0;12502;2396000000;8821598000;72.839;67.628;
1669157376402;1;1;tpc-di;12000.0;8;ALL#worker#4;6325074000;6177230000;3;0;12441;2489000000;8814074000;71.761;66.586;
1669157376402;1;1;tpc-di;12000.0;8;ALL#worker#5;6290640000;6146258000;2;0;12275;2450000000;8740640000;71.97;66.229;
1669157376402;1;1;tpc-di;12000.0;8;ALL#worker#6;6154261000;6008355000;2;0;12330;2527000000;8681261000;70.891;64.814;
1669157376402;1;1;tpc-di;12000.0;8;ALL#worker#7;6202616000;6057077000;1;0;12179;2563000000;8765616000;70.761;65.316;
1669157376402;1;1;tpc-di;12000.0;8;All#PausedThread;305671000;120714000;1;0;10822;9283000000;9588671000;3.188;4.17;
1669157376402;1;1;tpc-di;12000.0;8;pdgf.core.dataGenerator.CDCUpdateProducer#ALL;197339000;165407000;0;0;871;51000000;248339000;79.464;3.046;
1669157376402;1;1;tpc-di;12000.0;8;pdgf.core.dataGenerator.CDCUpdateProducer#BatchDate;669000;413000;0;0;2;0;669000;100.0;1.007;
1669157376402;1;1;tpc-di;12000.0;8;pdgf.core.dataGenerator.CDCUpdateProducer#Customer;427000;222000;0;0;5;0;427000;100.0;1.004;
1669157376402;1;1;tpc-di;12000.0;8;pdgf.core.dataGenerator.CDCUpdateProducer#DailyMarket;96781000;80965000;0;0;573;42000000;138781000;69.736;2.004;
1669157376402;1;1;tpc-di;12000.0;8;pdgf.core.dataGenerator.CDCUpdateProducer#WatchHistory;85261000;74262000;0;0;291;9000000;94261000;90.452;1.884;
1669157376402;1;1;tpc-di;12000.0;8;pdgf.core.dataGenerator.scheduler.DbDumpUpdateScheduler#Prospect;451000;239000;0;0;6;182000000;182451000;0.247;1.005;
1669157376402;1;1;tpc-di;12000.0;8;pdgf.core.dataGenerator.scheduler.DefaultScheduler#Date;116000;53000;0;0;0;0;116000;99.999;1.001;
1669157376402;1;1;tpc-di;12000.0;8;pdgf.core.dataGenerator.scheduler.DefaultScheduler#HR;112000;56000;0;0;0;0;112000;99.999;1.001;
1669157376402;1;1;tpc-di;12000.0;8;pdgf.core.dataGenerator.scheduler.DefaultScheduler#Industry;38000;10000;0;0;0;0;38000;99.997;1.0;
1669157376402;1;1;tpc-di;12000.0;8;pdgf.core.dataGenerator.scheduler.DefaultScheduler#StatusType;959000;958000;0;0;0;0;959000;100.0;1.01;
1669157376402;1;1;tpc-di;12000.0;8;pdgf.core.dataGenerator.scheduler.DefaultScheduler#TaxRate;100000;47000;0;0;0;0;100000;99.999;1.001;
1669157376402;1;1;tpc-di;12000.0;8;pdgf.core.dataGenerator.scheduler.DefaultScheduler#Time;121000;71000;0;0;0;0;121000;99.999;1.001;
1669157376402;1;1;tpc-di;12000.0;8;pdgf.core.dataGenerator.scheduler.DefaultScheduler#TradeType;32000;10000;0;0;0;0;32000;99.997;1.0;
1669157376402;1;1;tpc-di;12000.0;8;pdgf.core.dataGenerator.scheduler.UpdateScheduler#Account;249000;92000;0;0;3;0;249000;100.0;1.003;
1669157376402;1;1;tpc-di;12000.0;8;pdgf.core.dataGenerator.scheduler.UpdateScheduler#BatchDate;320000;198000;0;0;6;1000000;1320000;24.242;1.003;
1669157376402;1;1;tpc-di;12000.0;8;pdgf.core.dataGenerator.scheduler.UpdateScheduler#Customer;335000;139000;0;0;3;1000000;1335000;25.094;1.003;
1669157376402;1;1;tpc-di;12000.0;8;pdgf.core.dataGenerator.scheduler.UpdateScheduler#DailyMarket;4325252000;2375945000;0;0;274320;1086562000000;1090887252000;0.396;45.849;
1669157376402;1;1;tpc-di;12000.0;8;pdgf.core.dataGenerator.scheduler.UpdateScheduler#FINWIRE;531933000;286944000;0;0;21073;65595000000;66126933000;0.804;6.516;
1669157376402;1;1;tpc-di;12000.0;8;pdgf.core.dataGenerator.scheduler.UpdateScheduler#TradeSource;30433159000;13100647000;0;0;2427063;2988420000000;3018853159000;1.008;316.566;
1669157376402;1;1;tpc-di;12000.0;8;pdgf.core.dataGenerator.scheduler.UpdateScheduler#WatchHistory;1660816000;836043000;0;0;105319;255889000000;257549816000;0.645;18.221;
1669157376402;1;1;tpc-di;12000.0;8;pdgf.core.dataGenerator.worker.DbDumpRowWorker#worker#0;180446000;179067000;1;0;30;18000000;198446000;90.93;2.871;
1669157376402;1;1;tpc-di;12000.0;8;pdgf.core.dataGenerator.worker.DbDumpRowWorker#worker#1;158634000;157401000;1;0;28;16000000;174634000;90.838;2.645;
1669157376402;1;1;tpc-di;12000.0;8;pdgf.core.dataGenerator.worker.DbDumpRowWorker#worker#2;167723000;166549000;0;0;31;23000000;190723000;87.941;2.739;
1669157376402;1;1;tpc-di;12000.0;8;pdgf.core.dataGenerator.worker.DbDumpRowWorker#worker#3;169839000;168638000;1;0;31;15000000;184839000;91.885;2.761;
1669157376402;1;1;tpc-di;12000.0;8;pdgf.core.dataGenerator.worker.DbDumpRowWorker#worker#4;157331000;156086000;0;0;34;30000000;187331000;83.986;2.631;
1669157376402;1;1;tpc-di;12000.0;8;pdgf.core.dataGenerator.worker.DbDumpRowWorker#worker#5;167549000;166639000;1;0;26;18000000;185549000;90.299;2.737;
1669157376402;1;1;tpc-di;12000.0;8;pdgf.core.dataGenerator.worker.DbDumpRowWorker#worker#6;166778000;165686000;0;0;32;22000000;188778000;88.346;2.729;
1669157376402;1;1;tpc-di;12000.0;8;pdgf.core.dataGenerator.worker.DbDumpRowWorker#worker#7;175235000;173815000;0;0;32;17000000;192235000;91.157;2.817;
1669157376402;1;1;tpc-di;12000.0;8;pdgf.core.dataGenerator.worker.RowWorker#worker#0;385850000;380698000;0;0;40;39000000;424850000;90.82;5.001;
1669157376402;1;1;tpc-di;12000.0;8;pdgf.core.dataGenerator.worker.RowWorker#worker#1;393725000;389083000;0;0;38;32000000;425725000;92.483;5.083;
1669157376402;1;1;tpc-di;12000.0;8;pdgf.core.dataGenerator.worker.RowWorker#worker#2;395765000;391052000;1;0;42;56000000;451765000;87.604;5.104;
1669157376402;1;1;tpc-di;12000.0;8;pdgf.core.dataGenerator.worker.RowWorker#worker#3;399406000;394156000;1;0;37;34000000;433406000;92.155;5.141;
1669157376402;1;1;tpc-di;12000.0;8;pdgf.core.dataGenerator.worker.RowWorker#worker#4;381819000;376879000;1;0;38;31000000;412819000;92.491;4.959;
1669157376402;1;1;tpc-di;12000.0;8;pdgf.core.dataGenerator.worker.RowWorker#worker#5;380687000;375691000;0;0;38;40000000;420687000;90.492;4.947;
1669157376402;1;1;tpc-di;12000.0;8;pdgf.core.dataGenerator.worker.RowWorker#worker#6;392345000;387624000;0;0;37;38000000;430345000;91.17;5.068;
1669157376402;1;1;tpc-di;12000.0;8;pdgf.core.dataGenerator.worker.RowWorker#worker#7;396861000;391839000;0;0;39;34000000;430861000;92.109;5.115;
1669157376402;1;1;tpc-di;12000.0;8;pdgf.core.dataGenerator.worker.UpdateRowWorker#worker#0;5862964000;5721130000;0;0;12718;1770000000;7632964000;76.811;61.794;
1669157376402;1;1;tpc-di;12000.0;8;pdgf.core.dataGenerator.worker.UpdateRowWorker#worker#1;5774144000;5633064000;0;0;12382;1866000000;7640144000;75.576;60.873;
1669157376402;1;1;tpc-di;12000.0;8;pdgf.core.dataGenerator.worker.UpdateRowWorker#worker#2;5777745000;5628651000;0;0;11304;1902000000;7679745000;75.234;60.91;
1669157376402;1;1;tpc-di;12000.0;8;pdgf.core.dataGenerator.worker.UpdateRowWorker#worker#3;5823451000;5683444000;0;0;11196;1957000000;7780451000;74.847;61.384;
1669157376402;1;1;tpc-di;12000.0;8;pdgf.core.dataGenerator.worker.UpdateRowWorker#worker#4;5755485000;5620244000;1;0;11130;2035000000;7790485000;73.878;60.679;
1669157376402;1;1;tpc-di;12000.0;8;pdgf.core.dataGenerator.worker.UpdateRowWorker#worker#5;5711173000;5578806000;0;0;10991;2000000000;7711173000;74.064;60.22;
1669157376402;1;1;tpc-di;12000.0;8;pdgf.core.dataGenerator.worker.UpdateRowWorker#worker#6;5569410000;5435216000;0;0;11021;2070000000;7639410000;72.904;58.75;
1669157376402;1;1;tpc-di;12000.0;8;pdgf.core.dataGenerator.worker.UpdateRowWorker#worker#7;5607640000;5473930000;0;0;10899;2112000000;7719640000;72.641;59.146;
1669157376402;1;1;tpc-di;12000.0;8;tpc.di.CustomerAccountBlackBox$CustomerAccountUpdateProducer#ALL;369000;290000;0;0;0;0;369000;100.0;1.004;
1669157376402;1;1;tpc-di;12000.0;8;tpc.di.CustomerAccountBlackBox$CustomerAccountUpdateProducer#Account;358000;282000;0;0;0;0;358000;100.0;1.004;
1669157376402;1;1;tpc-di;12000.0;8;tpc.di.MergeUpdateBlackBox$MergeUpdateProducer#FINWIRE;25527000;17299000;0;0;135;65000000;90527000;28.198;1.265;
1669157376402;1;1;tpc-di;12000.0;8;tpc.di.TradeSourceUpdateBlackBox$TradeSourceUpdateProducer#ALL;111706000;82868000;0;0;1151;55000000;166706000;67.008;2.158;
1669157376402;1;1;tpc-di;12000.0;8;tpc.di.TradeSourceUpdateBlackBox$TradeSourceUpdateProducer#TradeSource;103480000;78529000;0;0;1151;55000000;158480000;65.295;2.073;
1669157376402;1;1;tpc-di;12000.0;8;tpc.di.scheduler.CustomerMgmtScheduler#CustomerMgmt;31765000;18743000;0;0;86;0;31765000;100.0;1.329;
1669157376402;1;1;tpc-di;12000.0;8;tpc.di.scheduler.CustomerMgmtUpdateRowWorker#worker#0;130867000;123340000;1;0;1160;225000000;355867000;36.774;2.357;
1669157376402;1;1;tpc-di;12000.0;8;tpc.di.scheduler.CustomerMgmtUpdateRowWorker#worker#1;59269000;51938000;10;0;1262;361000000;420269000;14.103;1.615;
1669157376402;1;1;tpc-di;12000.0;8;tpc.di.scheduler.CustomerMgmtUpdateRowWorker#worker#2;46140000;38997000;1;0;1225;376000000;422140000;10.93;1.478;
1669157376402;1;1;tpc-di;12000.0;8;tpc.di.scheduler.CustomerMgmtUpdateRowWorker#worker#3;32684000;26113000;1;0;1238;390000000;422684000;7.732;1.339;
1669157376402;1;1;tpc-di;12000.0;8;tpc.di.scheduler.CustomerMgmtUpdateRowWorker#worker#4;30197000;23854000;0;0;1239;393000000;423197000;7.135;1.313;
1669157376402;1;1;tpc-di;12000.0;8;tpc.di.scheduler.CustomerMgmtUpdateRowWorker#worker#5;30961000;24922000;1;0;1220;392000000;422961000;7.32;1.321;
1669157376402;1;1;tpc-di;12000.0;8;tpc.di.scheduler.CustomerMgmtUpdateRowWorker#worker#6;25453000;19611000;1;0;1240;397000000;422453000;6.025;1.264;
1669157376402;1;1;tpc-di;12000.0;8;tpc.di.scheduler.CustomerMgmtUpdateRowWorker#worker#7;22691000;17364000;1;0;1209;400000000;422691000;5.368;1.235;
1669157408826;1;1;tpc-di;24000.0;8;ALL#SCHEDULERS;50467383000;22130209000;310;0;2652927;7675679000000;7726146383000;0.653;304.618;
1669157408826;1;1;tpc-di;24000.0;8;ALL#pdgf.util.caching.experimental.BucketSortOutputFileWriterIMPL$HouseKeeper;5316570000;940597000;0;0;208444;59817000000;65133570000;8.163;32.985;
1669157408826;1;1;tpc-di;24000.0;8;ALL#worker#0;12814454000;12602519000;3;0;15379;2452000000;15266454000;83.939;78.093;
1669157408826;1;1;tpc-di;24000.0;8;ALL#worker#1;12573454000;12358848000;2;0;14880;2726000000;15299454000;82.182;76.643;
1669157408826;1;1;tpc-di;24000.0;8;ALL#worker#2;12423286000;12199188000;9;3000000;13678;2852000000;15278286000;81.313;75.74;
1669157408826;1;1;tpc-di;24000.0;8;ALL#worker#3;12401450000;12179288000;2;0;13873;2811000000;15212450000;81.522;75.609;
1669157408826;1;1;tpc-di;24000.0;8;ALL#worker#4;12426391000;12215218000;2;0;13592;2924000000;15350391000;80.952;75.759;
1669157408826;1;1;tpc-di;24000.0;8;ALL#worker#5;12506085000;12296384000;1;0;13347;2848000000;15354085000;81.451;76.238;
1669157408826;1;1;tpc-di;24000.0;8;ALL#worker#6;12384712000;12178558000;5;2000000;13294;2941000000;15327712000;80.799;75.508;
1669157408826;1;1;tpc-di;24000.0;8;ALL#worker#7;12158793000;11957308000;3;0;13159;3128000000;15286793000;79.538;74.149;
1669157408826;1;1;tpc-di;24000.0;8;All#PausedThread;339452000;133855000;0;0;10466;16215000000;16554452000;2.051;3.042;
1669157408826;1;1;tpc-di;24000.0;8;pdgf.core.dataGenerator.CDCUpdateProducer#ALL;286459000;255850000;0;0;795;41000000;327459000;87.479;2.723;
1669157408826;1;1;tpc-di;24000.0;8;pdgf.core.dataGenerator.CDCUpdateProducer#BatchDate;478000;356000;0;0;1;0;478000;100.0;1.003;
1669157408826;1;1;tpc-di;24000.0;8;pdgf.core.dataGenerator.CDCUpdateProducer#Customer;351000;267000;0;0;0;0;351000;100.0;1.002;
1669157408826;1;1;tpc-di;24000.0;8;pdgf.core.dataGenerator.CDCUpdateProducer#DailyMarket;132276000;116535000;0;0;476;27000000;159276000;83.048;1.796;
1669157408826;1;1;tpc-di;24000.0;8;pdgf.core.dataGenerator.CDCUpdateProducer#WatchHistory;143419000;131865000;0;0;318;14000000;157419000;91.107;1.863;
1669157408826;1;1;tpc-di;24000.0;8;pdgf.core.dataGenerator.scheduler.DbDumpUpdateScheduler#Prospect;738000;245000;0;0;6;379000000;379738000;0.194;1.004;
1669157408826;1;1;tpc-di;24000.0;8;pdgf.core.dataGenerator.scheduler.DefaultScheduler#Date;127000;62000;0;0;0;0;127000;99.999;1.001;
1669157408826;1;1;tpc-di;24000.0;8;pdgf.core.dataGenerator.scheduler.DefaultScheduler#HR;65000;35000;0;0;0;0;65000;99.998;1.0;
1669157408826;1;1;tpc-di;24000.0;8;pdgf.core.dataGenerator.scheduler.DefaultScheduler#Industry;41000;10000;0;0;0;0;41000;99.998;1.0;
1669157408826;1;1;tpc-di;24000.0;8;pdgf.core.dataGenerator.scheduler.DefaultScheduler#StatusType;1341000;1300000;0;0;0;0;1341000;100.0;1.008;
1669157408826;1;1;tpc-di;24000.0;8;pdgf.core.dataGenerator.scheduler.DefaultScheduler#TaxRate;89000;46000;0;0;0;0;89000;99.999;1.001;
1669157408826;1;1;tpc-di;24000.0;8;pdgf.core.dataGenerator.scheduler.DefaultScheduler#Time;148000;77000;0;0;0;0;148000;99.999;1.001;
1669157408826;1;1;tpc-di;24000.0;8;pdgf.core.dataGenerator.scheduler.DefaultScheduler#TradeType;35000;9000;0;0;0;0;35000;99.997;1.0;
1669157408826;1;1;tpc-di;24000.0;8;pdgf.core.dataGenerator.scheduler.UpdateScheduler#Account;271000;98000;0;0;3;1000000;1271000;21.322;1.002;
1669157408826;1;1;tpc-di;24000.0;8;pdgf.core.dataGenerator.scheduler.UpdateScheduler#BatchDate;602000;277000;0;0;6;1000000;1602000;37.578;1.004;
1669157408826;1;1;tpc-di;24000.0;8;pdgf.core.dataGenerator.scheduler.UpdateScheduler#Customer;262000;110000;0;0;3;1000000;1262000;20.761;1.002;
1669157408826;1;1;tpc-di;24000.0;8;pdgf.core.dataGenerator.scheduler.UpdateScheduler#DailyMarket;5229148000;3087088000;0;0;274049;2214510000000;2219739148000;0.236;32.459;
1669157408826;1;1;tpc-di;24000.0;8;pdgf.core.dataGenerator.scheduler.UpdateScheduler#FINWIRE;575109000;333576000;0;0;21521;95125000000;95700109000;0.601;4.46;
1669157408826;1;1;tpc-di;24000.0;8;pdgf.core.dataGenerator.scheduler.UpdateScheduler#TradeSource;42530192000;17537760000;310;0;2256781;4890526000000;4933056192000;0.862;256.867;
1669157408826;1;1;tpc-di;24000.0;8;pdgf.core.dataGenerator.scheduler.UpdateScheduler#WatchHistory;2063649000;1130516000;0;0;100474;475136000000;477199649000;0.432;13.415;
1669157408826;1;1;tpc-di;24000.0;8;pdgf.core.dataGenerator.worker.DbDumpRowWorker#worker#0;337878000;335394000;0;0;58;60000000;397878000;84.92;3.033;
1669157408826;1;1;tpc-di;24000.0;8;pdgf.core.dataGenerator.worker.DbDumpRowWorker#worker#1;327030000;324689000;0;0;55;62000000;389030000;84.063;2.967;
1669157408826;1;1;tpc-di;24000.0;8;pdgf.core.dataGenerator.worker.DbDumpRowWorker#worker#2;332082000;329743000;0;0;61;57000000;389082000;85.35;2.998;
1669157408826;1;1;tpc-di;24000.0;8;pdgf.core.dataGenerator.worker.DbDumpRowWorker#worker#3;336315000;333279000;0;0;54;57000000;393315000;85.508;3.023;
1669157408826;1;1;tpc-di;24000.0;8;pdgf.core.dataGenerator.worker.DbDumpRowWorker#worker#4;329456000;326336000;0;0;49;39000000;368456000;89.415;2.982;
1669157408826;1;1;tpc-di;24000.0;8;pdgf.core.dataGenerator.worker.DbDumpRowWorker#worker#5;329995000;327903000;0;0;54;68000000;397995000;82.914;2.985;
1669157408826;1;1;tpc-di;24000.0;8;pdgf.core.dataGenerator.worker.DbDumpRowWorker#worker#6;328510000;326321000;0;0;51;55000000;383510000;85.659;2.976;
1669157408826;1;1;tpc-di;24000.0;8;pdgf.core.dataGenerator.worker.DbDumpRowWorker#worker#7;332578000;329825000;0;0;58;50000000;382578000;86.931;3.001;
1669157408826;1;1;tpc-di;24000.0;8;pdgf.core.dataGenerator.worker.RowWorker#worker#0;366915000;361812000;0;0;56;31000000;397915000;92.209;3.207;
1669157408826;1;1;tpc-di;24000.0;8;pdgf.core.dataGenerator.worker.RowWorker#worker#1;389317000;382821000;0;0;51;25000000;414317000;93.966;3.342;
1669157408826;1;1;tpc-di;24000.0;8;pdgf.core.dataGenerator.worker.RowWorker#worker#2;400305000;394413000;3;0;50;23000000;423305000;94.567;3.408;
1669157408826;1;1;tpc-di;24000.0;8;pdgf.core.dataGenerator.worker.RowWorker#worker#3;372094000;367002000;1;0;52;32000000;404094000;92.081;3.239;
1669157408826;1;1;tpc-di;24000.0;8;pdgf.core.dataGenerator.worker.RowWorker#worker#4;380504000;374759000;1;0;60;55000000;435504000;87.371;3.289;
1669157408826;1;1;tpc-di;24000.0;8;pdgf.core.dataGenerator.worker.RowWorker#worker#5;383940000;377983000;0;0;55;38000000;421940000;90.994;3.31;
1669157408826;1;1;tpc-di;24000.0;8;pdgf.core.dataGenerator.worker.RowWorker#worker#6;371320000;365235000;2;1000000;53;37000000;409320000;90.716;3.234;
1669157408826;1;1;tpc-di;24000.0;8;pdgf.core.dataGenerator.worker.RowWorker#worker#7;374251000;368983000;1;0;57;49000000;423251000;88.423;3.252;
1669157408826;1;1;tpc-di;24000.0;8;pdgf.core.dataGenerator.worker.UpdateRowWorker#worker#0;11938134000;11742824000;0;0;14044;2133000000;14071134000;84.841;72.821;
1669157408826;1;1;tpc-di;24000.0;8;pdgf.core.dataGenerator.worker.UpdateRowWorker#worker#1;11744532000;11548535000;1;0;13466;2281000000;14025532000;83.737;71.657;
1669157408826;1;1;tpc-di;24000.0;8;pdgf.core.dataGenerator.worker.UpdateRowWorker#worker#2;11602047000;11395289000;4;3000000;12291;2386000000;13991047000;82.925;70.799;
1669157408826;1;1;tpc-di;24000.0;8;pdgf.core.dataGenerator.worker.UpdateRowWorker#worker#3;11623424000;11417592000;1;0;12459;2317000000;13940424000;83.379;70.928;
1669157408826;1;1;tpc-di;24000.0;8;pdgf.core.dataGenerator.worker.UpdateRowWorker#worker#4;11638291000;11443770000;1;0;12216;2434000000;14072291000;82.704;71.017;
1669157408826;1;1;tpc-di;24000.0;8;pdgf.core.dataGenerator.worker.UpdateRowWorker#worker#5;11707418000;11514466000;0;0;11988;2359000000;14066418000;83.23;71.433;
1669157408826;1;1;tpc-di;24000.0;8;pdgf.core.dataGenerator.worker.UpdateRowWorker#worker#6;11621494000;11431317000;1;1000000;11926;2435000000;14057494000;82.671;70.916;
1669157408826;1;1;tpc-di;24000.0;8;pdgf.core.dataGenerator.worker.UpdateRowWorker#worker#7;11413117000;11226793000;1;0;11800;2597000000;14010117000;81.463;69.663;
1669157408826;1;1;tpc-di;24000.0;8;tpc.di.CustomerAccountBlackBox$CustomerAccountUpdateProducer#ALL;581000;440000;0;0;1;0;581000;100.0;1.003;
1669157408826;1;1;tpc-di;24000.0;8;tpc.di.CustomerAccountBlackBox$CustomerAccountUpdateProducer#Account;569000;431000;0;0;1;0;569000;100.0;1.003;
1669157408826;1;1;tpc-di;24000.0;8;tpc.di.MergeUpdateBlackBox$MergeUpdateProducer#FINWIRE;35670000;27943000;0;0;124;40000000;75670000;47.139;1.215;
1669157408826;1;1;tpc-di;24000.0;8;tpc.di.TradeSourceUpdateBlackBox$TradeSourceUpdateProducer#ALL;174840000;138275000;0;0;1451;42000000;216840000;80.631;2.052;
1669157408826;1;1;tpc-di;24000.0;8;tpc.di.TradeSourceUpdateBlackBox$TradeSourceUpdateProducer#TradeSource;159818000;130415000;0;0;1451;42000000;201818000;79.189;1.961;
1669157408826;1;1;tpc-di;24000.0;8;tpc.di.scheduler.CustomerMgmtScheduler#CustomerMgmt;39367000;24994000;0;0;84;0;39367000;100.0;1.237;
1669157408826;1;1;tpc-di;24000.0;8;tpc.di.scheduler.CustomerMgmtUpdateRowWorker#worker#0;171057000;162099000;0;0;1221;228000000;399057000;42.865;2.029;
1669157408826;1;1;tpc-di;24000.0;8;tpc.di.scheduler.CustomerMgmtUpdateRowWorker#worker#1;112409000;102684000;1;0;1308;358000000;470409000;23.896;1.676;
1669157408826;1;1;tpc-di;24000.0;8;tpc.di.scheduler.CustomerMgmtUpdateRowWorker#worker#2;88632000;79596000;0;0;1276;386000000;474632000;18.674;1.533;
1669157408826;1;1;tpc-di;24000.0;8;tpc.di.scheduler.CustomerMgmtUpdateRowWorker#worker#3;69415000;61273000;0;0;1308;405000000;474415000;14.632;1.418;
1669157408826;1;1;tpc-di;24000.0;8;tpc.di.scheduler.CustomerMgmtUpdateRowWorker#worker#4;77883000;70189000;0;0;1267;396000000;473883000;16.435;1.469;
1669157408826;1;1;tpc-di;24000.0;8;tpc.di.scheduler.CustomerMgmtUpdateRowWorker#worker#5;84483000;75885000;0;0;1250;383000000;467483000;18.072;1.508;
1669157408826;1;1;tpc-di;24000.0;8;tpc.di.scheduler.CustomerMgmtUpdateRowWorker#worker#6;63175000;55545000;0;0;1264;414000000;477175000;13.239;1.38;
1669157408826;1;1;tpc-di;24000.0;8;tpc.di.scheduler.CustomerMgmtUpdateRowWorker#worker#7;38634000;31556000;0;0;1244;432000000;470634000;8.209;1.232;
